path,language,extension,physical_lines,blank_lines,comment_lines,code_lines,category
archive/diagnostics/discovery_handshake_probe.py,Python,.py,186,25,4,157,legacy/archived
archive/diagnostics/serial_monitor_test.py,Python,.py,286,31,1,254,legacy/archived
archive/diagnostics/serial_pipeline_tester.py,Python,.py,100,19,0,81,legacy/archived
archive/diagnostics/temp_serial_port_info.py,Python,.py,13,1,0,12,legacy/archived
archive/diagnostics/tmp_serial_dtr_test.py,Python,.py,46,5,2,39,legacy/archived
archive/diagnostics/tmp_serial_handler_probe.py,Python,.py,50,6,1,43,legacy/archived
archive/diagnostics/tmp_serial_probe.py,Python,.py,20,1,0,19,legacy/archived
archive/legacy-ui/gui_qt_redesign/gui_qt/__init__.py,Python,.py,0,0,0,0,legacy/archived
archive/legacy-ui/gui_qt_redesign/gui_qt/main_qt.py,Python,.py,35,11,8,16,legacy/archived
archive/legacy-ui/gui_qt_redesign/gui_qt/main_window.py,Python,.py,128,24,5,99,legacy/archived
archive/legacy-ui/gui_qt_redesign/gui_qt/pages/__init__.py,Python,.py,0,0,0,0,legacy/archived
archive/legacy-ui/gui_qt_redesign/gui_qt/pages/attendance_page.py,Python,.py,63,11,13,39,legacy/archived
archive/legacy-ui/gui_qt_redesign/gui_qt/pages/dashboard_page.py,Python,.py,56,14,40,2,legacy/archived
archive/legacy-ui/gui_qt_redesign/gui_qt/pages/logs_page.py,Python,.py,27,6,6,15,legacy/archived
archive/legacy-ui/gui_qt_redesign/gui_qt/pages/reports_page.py,Python,.py,38,8,29,1,legacy/archived
archive/legacy-ui/gui_qt_redesign/gui_qt/pages/settings_page.py,Python,.py,65,13,4,48,legacy/archived
archive/legacy-ui/gui_qt_redesign/gui_qt/pages/students_page.py,Python,.py,61,12,4,45,legacy/archived
archive/legacy-ui/gui_qt_redesign/gui_qt/widgets/__init__.py,Python,.py,0,0,0,0,legacy/archived
archive/legacy-ui/gui_qt_redesign/gui_qt/widgets/sidebar.py,Python,.py,45,11,1,33,legacy/archived
archive/legacy-ui/gui_qt_redesign/gui_qt/widgets/stat_card.py,Python,.py,27,7,0,20,legacy/archived
archive/legacy-ui/gui_qt_redesign/gui_qt/workers/__init__.py,Python,.py,0,0,0,0,legacy/archived
archive/legacy-ui/gui_qt_redesign/gui_qt/workers/serial_worker.py,Python,.py,95,18,24,53,legacy/archived
archive/legacy-ui/gui_qt_redesign_2/gui_qt/__init__.py,Python,.py,0,0,0,0,legacy/archived
archive/legacy-ui/gui_qt_redesign_2/gui_qt/main_qt.py,Python,.py,35,11,8,16,legacy/archived
archive/legacy-ui/gui_qt_redesign_2/gui_qt/main_window.py,Python,.py,182,31,16,135,legacy/archived
archive/legacy-ui/gui_qt_redesign_2/gui_qt/pages/__init__.py,Python,.py,0,0,0,0,legacy/archived
archive/legacy-ui/gui_qt_redesign_2/gui_qt/pages/attendance_page.py,Python,.py,88,14,13,61,legacy/archived
archive/legacy-ui/gui_qt_redesign_2/gui_qt/pages/dashboard_page.py,Python,.py,57,14,40,3,legacy/archived
archive/legacy-ui/gui_qt_redesign_2/gui_qt/pages/logs_page.py,Python,.py,38,8,29,1,legacy/archived
archive/legacy-ui/gui_qt_redesign_2/gui_qt/pages/reports_page.py,Python,.py,106,20,3,83,legacy/archived
archive/legacy-ui/gui_qt_redesign_2/gui_qt/pages/settings_page.py,Python,.py,167,30,79,58,legacy/archived
archive/legacy-ui/gui_qt_redesign_2/gui_qt/pages/students_page.py,Python,.py,301,40,169,92,legacy/archived
archive/legacy-ui/gui_qt_redesign_2/gui_qt/widgets/__init__.py,Python,.py,0,0,0,0,legacy/archived
archive/legacy-ui/gui_qt_redesign_2/gui_qt/widgets/sidebar.py,Python,.py,45,11,1,33,legacy/archived
archive/legacy-ui/gui_qt_redesign_2/gui_qt/widgets/stat_card.py,Python,.py,27,7,0,20,legacy/archived
archive/legacy-ui/gui_qt_redesign_2/gui_qt/workers/__init__.py,Python,.py,0,0,0,0,legacy/archived
archive/legacy-ui/gui_qt_redesign_2/gui_qt/workers/serial_worker.py,Python,.py,152,28,66,58,legacy/archived
archive/legacy-ui/testing_area/core/database_addition_snippet.py,Python,.py,33,1,32,0,legacy/archived
archive/legacy-ui/testing_area/gui/legacy/app_test.py,Python,.py,9,4,1,4,legacy/archived
archive/legacy-ui/testing_area/gui/legacy/app_test1.py,Python,.py,1826,234,543,1049,legacy/archived
archive/legacy-ui/testing_area/gui/legacy/bfeas_app.py,Python,.py,256,45,17,194,legacy/archived
archive/legacy-ui/testing_area/gui/legacy/bfeas_app2.py,Python,.py,499,85,380,34,legacy/archived
archive/legacy-ui/testing_area/gui/legacy/reports_table_page.py,Python,.py,396,70,37,289,legacy/archived
archive/legacy-ui/testing_area/services/backup.py,Python,.py,32,5,20,7,legacy/archived
archive/legacy-ui/testing_area/services/excel_export.py,Python,.py,128,25,90,13,legacy/archived
audit/generate_metrics.py,Python,.py,341,23,1,317,active
build_exe.bat,Shell,.bat,21,3,1,17,active
firmware/attendance/attendance.ino,Arduino/C++,.ino,114,17,40,57,active
firmware/delete/delete.ino,Arduino/C++,.ino,105,13,24,68,legacy/archived
firmware/enroll/enroll.ino,Arduino/C++,.ino,213,23,16,174,active
firmware/ESP32_Fingerprint_AllInOne/ESP32_Fingerprint_AllInOne.ino,Arduino/C++,.ino,803,92,90,621,active
firmware/test/fingerprint_check/fingerprint_check.ino,Arduino/C++,.ino,263,32,26,205,active
install_requirements.bat,Shell,.bat,28,3,0,25,active
list_files.bat,Shell,.bat,17,5,4,8,active
python/__init__.py,Python,.py,1,0,1,0,active
python/config.py,Python,.py,238,35,131,72,active
python/core/__init__.py,Python,.py,9,2,7,0,active
python/core/attendance.py,Python,.py,271,40,58,173,active
python/core/commands.py,Python,.py,54,10,42,2,active
python/core/database.py,Python,.py,1235,218,394,623,active
python/core/device_discovery.py,Python,.py,429,59,180,190,active
python/core/firmware_helper.py,Python,.py,139,23,106,10,active
python/core/logger.py,Python,.py,242,53,107,82,active
python/core/permissions.py,Python,.py,72,15,52,5,active
python/core/serial_handler.py,Python,.py,678,62,377,239,active
python/core/utils.py,Python,.py,95,18,57,20,active
python/customtkinter.py,Python,.py,42,17,8,17,active
python/gui/__init__.py,Python,.py,5,2,1,2,active
python/gui/app.py,Python,.py,1129,156,236,737,active
python/gui/attendance_page.py,Python,.py,243,40,1,202,active
python/gui/dashboard.py,Python,.py,23,5,17,1,active
python/gui/dialogs.py,Python,.py,274,53,1,220,active
python/gui/layout_utils.py,Python,.py,51,14,35,2,active
python/gui/legacy/bfeas_app2.py,Python,.py,22,4,4,14,legacy/archived
python/gui/legacy/reports_table_page.py,Python,.py,56,10,15,31,legacy/archived
python/gui/log_page.py,Python,.py,26,7,1,18,active
python/gui/perf_profiler.py,Python,.py,48,6,2,40,active
python/gui/reports_page.py,Python,.py,174,31,5,138,active
python/gui/serial_troubleshooting.py,Python,.py,51,10,37,4,active
python/gui/settings_dialog.py,Python,.py,267,35,217,15,active
python/gui/settings_page.py,Python,.py,38,7,29,2,active
python/gui/sidebar.py,Python,.py,215,33,10,172,active
python/gui/statistics_page.py,Python,.py,117,17,0,100,active
python/gui/students_page.py,Python,.py,451,64,5,382,active
python/gui/theme.py,Python,.py,124,23,2,99,active
python/gui_qt/__init__.py,Python,.py,1,0,1,0,active
python/gui_qt/main_qt.py,Python,.py,140,27,28,85,active
python/gui_qt/main_window.py,Python,.py,578,75,169,334,active
python/gui_qt/pages/__init__.py,Python,.py,1,0,1,0,active
python/gui_qt/pages/attendance_page.py,Python,.py,173,24,26,123,active
python/gui_qt/pages/dashboard_page.py,Python,.py,147,27,112,8,active
python/gui_qt/pages/logs_page.py,Python,.py,274,40,216,18,active
python/gui_qt/pages/reports_page.py,Python,.py,192,31,24,137,active
python/gui_qt/pages/settings_page.py,Python,.py,582,92,301,189,active
python/gui_qt/pages/students_page.py,Python,.py,696,97,454,145,active
python/gui_qt/widgets/__init__.py,Python,.py,1,0,1,0,active
python/gui_qt/widgets/sidebar.py,Python,.py,103,20,18,65,active
python/gui_qt/widgets/stat_card.py,Python,.py,29,8,1,20,active
python/gui_qt/workers/__init__.py,Python,.py,0,0,0,0,active
python/gui_qt/workers/connection_worker.py,Python,.py,91,16,70,5,active
python/gui_qt/workers/serial_worker.py,Python,.py,251,36,99,116,active
python/main.py,Python,.py,287,41,87,159,active
python/non_workflow/fix_emoji.py,Python,.py,17,4,5,8,active
python/non_workflow/main_window.py,Python,.py,13,6,2,5,active
python/non_workflow/serial.py,Python,.py,23,2,4,17,active
python/non_workflow/widgets.py,Python,.py,32,10,1,21,active
python/services/__init__.py,Python,.py,1,0,1,0,active
python/services/attendance_service.py,Python,.py,14,5,8,1,active
python/services/student_service.py,Python,.py,17,6,10,1,active
python/settings_store.py,Python,.py,97,18,34,45,active
run_app.bat,Shell,.bat,27,2,2,23,active
run_qt_gui.bat,Shell,.bat,3,0,1,2,active
run_qt_gui.py,Python,.py,16,6,1,9,active
tests/app_test.py,Python,.py,1209,154,394,661,active
tests/comprehensive_test.py,Python,.py,70,9,5,56,active
tests/ESP32 R307 Finger print Sensor/ESP32_enroll_R307_finger_Print/ESP32_enroll_R307_finger_Print.ino,Arduino/C++,.ino,215,25,17,173,active
tests/ESP32 R307 Finger print Sensor/esp32_fingerprint_check_R307/esp32_fingerprint_check_R307.ino,Arduino/C++,.ino,147,19,20,108,active
tests/legacy/phase2_databasev1.py,Python,.py,255,38,133,84,legacy/archived
tests/legacy/phase2_databasev2.py,Python,.py,215,32,41,142,legacy/archived
tests/legacy/phase2_databasev3.py,Python,.py,346,52,101,193,legacy/archived
tests/legacy/phase2_databasev4.py,Python,.py,320,48,102,170,legacy/archived
tests/legacy/phase2_serial_test.py,Python,.py,96,16,25,55,legacy/archived
tests/legacy/raw_serial_diagnostic/raw_serial_diagnostic.ino,Arduino/C++,.ino,22,5,0,17,legacy/archived
tests/test_attendance_parsing.py,Python,.py,37,8,0,29,active
tests/test_attendance_processor.py,Python,.py,114,30,0,84,active
tests/test_attendance_refresh.py,Python,.py,23,8,0,15,active
tests/test_attendance_ui_regressions.py,Python,.py,51,10,0,41,active
tests/test_attendance_ui_utils.py,Python,.py,38,10,0,28,active
tests/test_auto_port_probe.py,Python,.py,61,19,0,42,active
tests/test_bfeas_app2_import.py,Python,.py,13,4,0,9,active
tests/test_button_in_context.py,Python,.py,131,26,88,17,active
tests/test_database_features.py,Python,.py,24,8,0,16,active
tests/test_database_reset.py,Python,.py,35,7,4,24,active
tests/test_database_security.py,Python,.py,289,64,217,8,active
tests/test_debug_raw_lines.py,Python,.py,112,22,69,21,active
tests/test_dialog_enrollment_integration.py,Python,.py,134,27,85,22,active
tests/test_dialog_handlers.py,Python,.py,33,9,0,24,active
tests/test_enrollment_debug.py,Python,.py,115,21,74,20,active
tests/test_enrollment_dialog_ux.py,Python,.py,446,105,325,16,active
tests/test_enrollment_with_worker.py,Python,.py,150,26,99,25,active
tests/test_error_message_sanitization.py,Python,.py,146,35,81,30,active
tests/test_firmware_helper.py,Python,.py,18,6,0,12,active
tests/test_gui_demo.py,Python,.py,293,48,212,33,active
tests/test_gui_settings_integration.py,Python,.py,214,41,144,29,active
tests/test_gui_shutdown.py,Python,.py,56,10,0,46,active
tests/test_minimal_enroll.py,Python,.py,107,21,11,75,active
tests/test_mode_exclusivity.py,Python,.py,73,13,0,60,active
tests/test_permissions_and_attendance_tagging.py,Python,.py,175,44,47,84,active
tests/test_project_structure.py,Python,.py,25,6,0,19,active
tests/test_qt_attendance_page.py,Python,.py,36,9,3,24,active
tests/test_qt_enrollment_flow.py,Python,.py,147,28,109,10,active
tests/test_qt_main_window.py,Python,.py,27,9,0,18,active
tests/test_qt_serial_worker.py,Python,.py,178,33,133,12,active
tests/test_qt_settings_logs.py,Python,.py,33,9,0,24,active
tests/test_qt_shell.py,Python,.py,47,11,0,36,active
tests/test_qt_students_page.py,Python,.py,105,18,30,57,active
tests/test_qt_thread_exception_handling.py,Python,.py,32,9,0,23,active
tests/test_reports_page_import.py,Python,.py,24,5,0,19,active
tests/test_responsive_layout.py,Python,.py,34,10,0,24,active
tests/test_serial_monitor_boot_banner.py,Python,.py,119,28,55,36,active
tests/test_serial_troubleshooting.py,Python,.py,17,4,0,13,active
tests/test_settings_persistence.py,Python,.py,37,10,0,27,active
tests/test_settings_toggles.py,Python,.py,176,28,118,30,active
tests/test_student_input_regression.py,Python,.py,239,26,205,8,active
tests/test_student_input_validation.py,Python,.py,133,26,101,6,active
tests/test_theme_switching.py,Python,.py,47,17,0,30,active
tests/test_type_hints.py,Python,.py,23,5,0,18,active
tests/test_vidpid_normalization.py,Python,.py,29,8,3,18,active
tests/whs_dashboard.py,Python,.py,532,90,64,378,active
tools/_database_refactor.py,Python,.py,733,135,104,494,active
tools/archive_unused_python.py,Python,.py,37,6,1,30,active
tools/build_portable.bat,Shell,.bat,36,4,0,32,active
tools/copilot_forensic_search.py,Python,.py,59,6,1,52,active
tools/debug_db_connections.py,Python,.py,40,8,6,26,active
tools/list_files.bat,Shell,.bat,4,0,0,4,active
tools/portable_bootstrap.bat,Shell,.bat,24,3,0,21,active
tools/runtime_manager.py,Python,.py,197,36,17,144,active
tools/serial_handler_connect_probe.py,Python,.py,26,5,1,20,active
tools/serial_pipeline_tester.py,Python,.py,194,37,2,155,active
tools/serial_worker_probe.py,Python,.py,80,21,1,58,active
tools/verify_gui_startup.py,Python,.py,23,6,1,16,active
